0.0001,0.0001
0.0034441471571906353,0.0034436291014100094
0.006788294314381271,0.006784259639993636
0.010132441471571906,0.010119033486694164
0.013476588628762541,0.013445129875569343
0.016820735785953177,0.016759790748332414
0.02016488294314381,0.020060298924608685
0.02350903010033445,0.023344004815428553
0.026853177257525083,0.026608315766795197
0.030197324414715718,0.029850690725440214
0.03354147157190636,0.033068661299841075
0.03688561872909699,0.036259824218222894
0.04022976588628763,0.039421836992309736
0.04357391304347826,0.042552422029206574
0.0469180602006689,0.04564937899004302
0.05026220735785954,0.04871057747836911
0.05360635451505017,0.05173395677526034
0.056950501672240805,0.054717525902373665
0.06029464882943144,0.057659368167709175
0.06363879598662207,0.06055764607818251
0.06698294314381271,0.06341059624683831
0.07032709030100334,0.06621653034046394
0.07367123745819398,0.06897383507958951
0.07701538461538462,0.07168097225954327
0.08035953177257525,0.07433648173236167
0.08370367892976589,0.07693898276902444
0.08704782608695652,0.0794871704740787
0.09039197324414716,0.08197981591631259
0.0937361204013378,0.08441576612875512
0.09708026755852843,0.08679394410867632
0.10042441471571907,0.0891133488134534
0.1037685618729097,0.09137305364675088
0.10711270903010034,0.09357220983876635
0.11045685618729098,0.09571004285906046
0.11380100334448161,0.09778584930205526
0.11714515050167225,0.09979899688703434
0.12048929765886288,0.10174892445814258
0.12383344481605352,0.10363514198438642
0.12717759197324413,0.10545723055963366
0.13052173913043477,0.10721483985508629
0.1338658862876254,0.10890768107954468
0.13721003344481605,0.11053554278219355
0.14055418060200667,0.11209827505883113
0.1438983277591973,0.11359578742683714
0.14724247491638795,0.1150280488251727
0.1505866220735786,0.11639508761438042
0.15393076923076923,0.11769699157658432
0.15727491638795985,0.11893390791548993
0.1606190635451505,0.1201060432563842
0.16396321070234113,0.12121366176218552
0.16730735785953177,0.1222570599463805
0.1706515050167224,0.12323660882348937
0.17399565217391302,0.12415273211622141
0.17733979933110366,0.1250058943857885
0.1806839464882943,0.12579660103190501
0.18402809364548495,0.12652539829278792
0.1873722408026756,0.12719287324515668
0.1907163879598662,0.1277996538042333
0.19406053511705684,0.12834640872374242
0.19740468227424748,0.12883384759591113
0.20074882943143812,0.12926272085146903
0.20409297658862877,0.12963381975964838
0.20743712374581938,0.129947950054246
0.21078127090301002,0.1302059374135771
0.21412541806020066,0.13040867824094793
0.2174695652173913,0.13055708785994602
0.22081371237458194,0.13065209958213791
0.22415785953177256,0.1306946647070691
0.2275020066889632,0.1306857525222641
0.23084615384615384,0.1306263503032264
0.23419030100334448,0.13051746331343833
0.23753444816053512,0.13036011480436135
0.24087859531772574,0.13015534601543582
0.24422274247491638,0.12990421617408113
0.24756688963210702,0.12960780249569553
0.25091103678929766,0.1292672001836564
0.2542551839464883,0.1288835224293199
0.25759933110367894,0.12845786590764888
0.26094347826086955,0.12799132457860635
0.26428762541806017,0.12748503912259362
0.26763177257525084,0.12694014798935646
0.27097591973244145,0.12635778708032827
0.2743200668896321,0.12573908974863016
0.27766421404682273,0.1250851867990708
0.28100836120401335,0.12439720648814663
0.284352508361204,0.12367627452404167
0.28769665551839463,0.12292351406662766
0.2910408026755853,0.12214004572746391
0.2943849498327759,0.12132698756979748
0.2977290969899665,0.12048545510856304
0.3010732441471572,0.1196165613103829
0.3044173913043478,0.11872141659356708
0.3077615384615385,0.11780112882811321
0.3111056856187291,0.11685679405672156
0.3144498327759197,0.1158894703500424
0.31779397993311037,0.11490023232199437
0.321138127090301,0.11389014369976383
0.32448227424749165,0.11286025338676794
0.32782642140468227,0.11181159546265476
0.3311705685618729,0.1107451891833031
0.33451471571906355,0.10966203898082263
0.33785886287625416,0.10856313446355391
0.34120301003344483,0.10744945041606824
0.34454715719063544,0.10632194679916782
0.34789130434782606,0.10518156874988564
0.3512354515050167,0.10402924658148555
0.35457959866220734,0.10286589578346225
0.357923745819398,0.1016924170215412
0.3612678929765886,0.1005096961376788
0.36461204013377924,0.09931860390877148
0.3679561872909699,0.09811998431682575
0.3713003344481605,0.09691466219237069
0.3746444816053512,0.09570344766742085
0.3779886287625418,0.09448713227793983
0.3813327759197324,0.0932664889638401
0.3846769230769231,0.09204227206898306
0.3880210702341137,0.09081521734117917
0.39136521739130437,0.08958604193218772
0.394709364548495,0.08835544439771705
0.3980535117056856,0.08712410469742435
0.40139765886287626,0.0858926841949158
0.4047418060200669,0.08466182565774658
0.40808595317725754,0.08343215325742072
0.41143010033444816,0.08220427256939129
0.41477424749163877,0.08097877057306027
0.41811839464882944,0.0797562163908081
0.42146254180602005,0.07853716015662031
0.4248066889632107,0.07732212811628171
0.42815083612040133,0.07611162892967215
0.43149498327759195,0.07490615418680775
0.4348391304347826,0.07370617840784097
0.43818327759197323,0.07251215904306062
0.4415274247491639,0.07132453647289179
0.4448715719063545,0.070143734007896
0.4482157190635451,0.068970157888771
0.4515598662207358,0.06780419728635088
0.4549040133779264,0.06664622430160612
0.4582481605351171,0.06549659396564345
0.4615923076923077,0.064355644239706
0.4649364548494983,0.06322369601517319
0.468280602006689,0.062101055271537156
0.4716247491638796,0.06098801722596324
0.47496889632107026,0.059884852482990775
0.47831304347826087,0.05879181727030007
0.4816571906354515,0.057709154685853296
0.48500133779264215,0.05663709469789454
0.48834548494983276,0.055575854144949866
0.49168963210702343,0.05452563673582719
0.49503377926421405,0.0534866330496164
0.49837792642140466,0.05245902053568927
0.5017220735785953,0.05144296351369949
0.505066220735786,0.050438613173582676
0.5084103678929766,0.049446107575556425
0.5117545150501672,0.04846557165012011
0.5150986622073579,0.04749711719805515
0.5184428093645485,0.04654084431287066
0.5217869565217391,0.045596850628083364
0.5251311036789298,0.044665213522784464
0.5284752508361203,0.04374599898302136
0.531819397993311,0.04283926449620995
0.5351635451505017,0.04194505905113481
0.5385076923076924,0.04106342313794909
0.5418518394648829,0.04019438874817455
0.5451959866220736,0.039337979374701446
0.5485401337792642,0.03849421001178874
0.5518842809364548,0.03766308715506396
0.5552284280936455,0.03684460880152317
0.5585725752508361,0.03603876444953108
0.5619167224080267,0.035245535098821
0.5652608695652174,0.03446489325049478
0.568605016722408,0.0336968029070229
0.5719491638795987,0.03294121993239417
0.5752933110367893,0.03219810298365904
0.5786374581939799,0.03146739973122483
0.5819816053511706,0.030749048531017963
0.5853257525083612,0.03004298362012147
0.5886698996655518,0.029349135116774915
0.5920140468227425,0.028667429020374523
0.5953581939799331,0.027997787211473137
0.5987023411371237,0.027340127451780116
0.6020464882943144,0.0266943633841615
0.6053906354515051,0.0260604045326399
0.6087347826086956,0.025438156302394557
0.6120789297658863,0.024827519979761244
0.615423076923077,0.024228392732232394
0.6187672240802675,0.023640667608457053
0.6221113712374582,0.0230642335382408
0.6254555183946489,0.022498975332545877
0.6287996655518394,0.021944773683491122
0.6321438127090301,0.021401505164351936
0.6354879598662208,0.020869042229560347
0.6388321070234114,0.020347254438372375
0.642176254180602,0.01983602502727251
0.6455204013377926,0.01933523072610037
0.6488645484949833,0.018844743106245482
0.6522086956521739,0.018364432623497642
0.6555528428093645,0.01789416861804682
0.6588969899665552,0.017433819314483286
0.6622411371237458,0.01698325182179754
0.6655852842809364,0.01654233213338029
0.6689294314381271,0.016110925127022516
0.6722735785953178,0.01568889456491544
0.6756177257525083,0.015276103093650524
0.678961872909699,0.014872412244219436
0.6823060200668897,0.014477682432014128
0.6856501672240802,0.014091772956826794
0.6889943143812709,0.013714542002849823
0.6923384615384616,0.013345848660307903
0.6956826086956521,0.012985558211704381
0.6990267558528428,0.012633534686939469
0.7023709030100335,0.012289642266762765
0.7057150501672241,0.011953745468506418
0.7090591973244147,0.011625709146085149
0.7124033444816054,0.011305398489996208
0.715747491638796,0.010992679027319435
0.7190916387959866,0.010687416621717235
0.7224357859531773,0.01038947747343454
0.7257799331103679,0.010098728119298876
0.7291240802675585,0.009815035432720328
0.7324682274247492,0.009538266623691515
0.7358123745819398,0.009268289238787641
0.7391565217391305,0.009004971161166468
0.742500668896321,0.008748180649263488
0.7458448160535117,0.008497790864692963
0.7491889632107024,0.008253679373688174
0.7525331103678929,0.008015723771663345
0.7558772575250836,0.007783802682700822
0.7592214046822743,0.00755779575955111
0.7625655518394648,0.007337583683632858
0.7659096989966555,0.007123048165032829
0.7692538461538462,0.006914071942505956
0.7725979933110368,0.006710538783475298
0.7759421404682274,0.006512333484032065
0.7792862876254181,0.006319341868935588
0.7826304347826087,0.006131450791613355
0.7859745819397993,0.005948548134160999
0.78931872909699,0.005770522807342273
0.7926628762541806,0.005597264756275995
0.7960070234113712,0.005428667605982435
0.7993511705685619,0.005264629975034759
0.8026953177257525,0.00510505148037569
0.8060394648829432,0.004949832956038575
0.8093836120401338,0.0047988764531474
0.8127277591973244,0.004652085239916767
0.8160719063545151,0.004509363801651927
0.8194160535117057,0.004370617840748759
0.8227602006688963,0.0042357542766937656
0.826104347826087,0.00410468124606409
0.8294484949832776,0.0039773081025275105
0.8327926421404682,0.003853545416842424
0.8361367892976589,0.0037333049768578713
0.8394809364548496,0.0036164997875135227
0.8428250836120401,0.0035030440965790823
0.8461692307692308,0.003392855599409202
0.8495133779264215,0.0032858562453992163
0.852857525083612,0.003181969219367826
0.8562016722408027,0.0030811188429690785
0.8595458193979933,0.0029832305746923873
0.8628899665551839,0.002888231009862523
0.8662341137123746,0.0027960478806396036
0.8695782608695652,0.0027066100560191137
0.8729224080267558,0.002619847541831893
0.8762665551839465,0.002535691480744131
0.8796107023411371,0.0024540741522573817
0.8829548494983278,0.0023749289727085536
0.8862989966555184,0.002298190495269913
0.889643143812709,0.0022237944099490767
0.8929872909698997,0.002151677555101606
0.8963314381270903,0.002081779486991834
0.8996755852842809,0.002014043605281523
0.9030197324414716,0.0019484144954455055
0.9063638795986622,0.0018848376844763223
0.9097080267558528,0.0018232596408842164
0.9130521739130435,0.0017636277746971441
0.9163963210702342,0.0017058904374607688
0.9197404682274247,0.0016499969222384635
0.9230846153846154,0.0015958974636113032
0.9264287625418061,0.0015435432376780778
0.9297729096989966,0.0014928863620552839
0.9331170568561873,0.0014438798958771215
0.936461204013378,0.0013964778397955045
0.9398053511705685,0.0013506351359800534
0.9431494983277592,0.0013063076681180932
0.9464936454849499,0.0012634527063980416
0.9498377926421405,0.001222030998415453
0.9531819397993311,0.0011820049139044076
0.9565260869565217,0.001143337548788986
0.9598702341137124,0.0011059927285218445
0.963214381270903,0.0010699350080842103
0.9665585284280936,0.0010351296719858776
0.9699026755852843,0.001001542734265216
0.9732468227424749,0.0009691409384891651
0.9765909698996655,0.0009378917577532335
0.9799351170568562,0.0009077633946815032
0.9832792642140469,0.0008787247814266266
0.9866234113712374,0.0008507455796698282
0.9899675585284281,0.0008237961806209001
0.9933117056856188,0.0007978477050182095
0.9966558528428093,0.0007728720031286932
1.0,0.0007488435527595054
